"2 camere tip Studio , acces metrou Aparatori, in constructie",56 600 €,"Bucuresti, Sectorul 4",50 m²,https://www.storia.ro/ro/oferta/2-camere-tip-studio-acces-metrou-aparatori-in-constructie-IDEZSR.html
Metrou Berceni - Garsoniera Acte Gata Pretul include Parcare 15min M2,75 000 €,"Bucuresti, Sectorul 4",38 m²,https://www.storia.ro/ro/oferta/metrou-berceni-garsoniera-acte-gata-pretul-include-parcare-15min-m2-IDFqVc.html
Apartament 2 camere Bragadiru Mobilat Utilat Loc de Parcare,65 000 €,"Bucuresti, Sectorul 2",48 m²,https://www.storia.ro/ro/oferta/apartament-2-camere-bragadiru-mobilat-utilat-loc-de-parcare-IDF0Bx.html
"Vanzare apartament 3 camere, complet mobilat, zona Damaroaia",145 000 €,"Bucuresti, Sectorul 1",53 m²,https://www.storia.ro/ro/oferta/vanzare-apartament-3-camere-complet-mobilat-zona-damaroaia-IDDLic.html
"Vanzare apartament 2 camere, zona Doamna Ghica - Planorama",87 500 €,"Bucuresti, Sectorul 2",50 m²,https://www.storia.ro/ro/oferta/vanzare-apartament-2-camere-zona-doamna-ghica-planorama-IDEbOq.html
Central Address Residence - -zona 13 Septembrie -Marriott-Viilor,185 300 €,"Bucuresti, Sectorul 5",109 m²,https://www.storia.ro/ro/oferta/central-address-residence-zona-13-septembrie-marriott-viilor-IDmhdV.html
Garsoniera de vanzare - Spatioasa - Bloc Nou - Prel. Ghencea,63 000 €,"Bucuresti, Sectorul 5",43 m²,https://www.olx.ro/d/oferta/garsoniera-de-vanzare-spatioasa-bloc-nou-prel-ghencea-IDjSvZc.html
Central Address Residence - zona 13 Septembrie-Marriott-Viilor-Carol,159 500 €,"Bucuresti, Sectorul 5",110 m²,https://www.storia.ro/ro/oferta/central-address-residence-zona-13-septembrie-marriott-viilor-carol-IDmf78.html
"Apartament de 40mp cu balcon și lift, central",105 000 €,"Bucuresti, Sectorul 3",40 m²,https://www.storia.ro/ro/oferta/apartament-de-40mp-cu-balcon-i-lift-central-IDEt28.html
Drumul Taberei - Prelungirea Ghencea 2 Camere,85 000 €,"Bucuresti, Sectorul 5",56 m²,https://www.storia.ro/ro/oferta/drumul-taberei-prelungirea-ghencea-2-camere-IDEPW7.html
Drumul Taberei 2 Camere Cu Gradina 98 Mp,97 000 €,"Bucuresti, Sectorul 5",50 m²,https://www.storia.ro/ro/oferta/drumul-taberei-2-camere-cu-gradina-98-mp-IDEPZo.html
Garsoniera complex Quadra 2 | 12 min metrou Lujerului | Militari,99 500 €,"Bucuresti, Sectorul 6",43 m²,https://www.storia.ro/ro/oferta/garsoniera-complex-quadra-2-12-min-metrou-lujerului-militari-IDEwiA.html
NOU- Apartament 2 camere - 57 MP UTILI - DIRECT DEZVOLTATOR,81 000 €,"Bucuresti, Sectorul 5",57 m²,https://www.olx.ro/d/oferta/nou-apartament-2-camere-57-mp-utili-direct-dezvoltator-IDjSAfq.html
"Locuinta ideala, finisaje premium, locatie de top- langa Berceni Arena",110 500 €,"Bucuresti, Sectorul 4",55 m²,https://www.storia.ro/ro/oferta/locuinta-ideala-finisaje-premium-locatie-de-top-langa-berceni-arena-IDDINy.html
Apartament de lux cu 4 camere Residence 5 I Iancu Nicolae,459 000 €,Voluntari,143 m²,https://www.storia.ro/ro/oferta/apartament-de-lux-cu-4-camere-residence-5-i-iancu-nicolae-IDFnv2.html
Apartament 2 camere/Bragadiru strada Crisul Repede,69 000 €,Bragadiru,50 m²,https://www.storia.ro/ro/oferta/apartament-2-camere-bragadiru-strada-crisul-repede-IDFn7d.html
Proprietar - Apartament complet renovat Lujerului,120 000 €,"Bucuresti, Sectorul 6",,https://www.olx.ro/d/oferta/proprietar-apartament-complet-renovat-lujerului-IDjN2hF.html
2 camere dristor curte proprie ideal animalute sau amenajare acces,"140 000 €
Prețul e negociabil","Bucuresti, Sectorul 3",53 m²,https://www.olx.ro/d/oferta/2-camere-dristor-curte-proprie-ideal-animalute-sau-amenajare-acces-IDjywV0.html
Berceni-Metrou Aparatorii Patriei-Apt. 2 cam tip studio tva 21% inclus,68 561 €,"Bucuresti, Sectorul 4",49 m²,https://www.storia.ro/ro/oferta/berceni-metrou-aparatorii-patriei-apt-2-cam-tip-studio-tva-21-inclus-IDDJNv.html
Central Address Residence - 3 camere,132 000 €,"Bucuresti, Sectorul 5",91 m²,https://www.storia.ro/ro/oferta/central-address-residence-3-camere-IDmhgg.html
Central Address Residence - zona 13 Septembrie-Marriott-Viilor-Carol,146 200 €,"Bucuresti, Sectorul 5",86 m²,https://www.storia.ro/ro/oferta/central-address-residence-zona-13-septembrie-marriott-viilor-carol-IDmf6G.html
Apartament 3 camere decomandat - Militari Residence,102 000 €,"Bucuresti, Sectorul 6",70 m²,https://www.storia.ro/ro/oferta/apartament-3-camere-decomandat-militari-residence-IDEKav.html
Berceni-Metrou Aparatorii Patriei-Garsoniera decomandata-TVA INCLUS,56 770 €,"Bucuresti, Sectorul 4",37 m²,https://www.storia.ro/ro/oferta/berceni-metrou-aparatorii-patriei-garsoniera-decomandata-tva-inclus-IDDJFw.html
"Vanzare apartament 3 camere, zona Colentina - Doamna Ghica",110 000 €,"Bucuresti, Sectorul 2",67 m²,https://www.storia.ro/ro/oferta/vanzare-apartament-3-camere-zona-colentina-doamna-ghica-IDEHKp.html
Apartament 2 camere Latin,85 000 €,Bragadiru,54 m²,https://www.olx.ro/d/oferta/apartament-2-camere-latin-IDjOggI.html
Apartament 2 camere Rahova-Sebastian T630,73 000 €,"Bucuresti, Sectorul 5",50 m²,https://www.storia.ro/ro/oferta/apartament-2-camere-rahova-sebastian-t630-IDES7V.html
Vanzare Apartament 3 camere/Decomandat/Incalzire in Pardoseala,89 000 €,Bragadiru,66 m²,https://www.storia.ro/ro/oferta/vanzare-apartament-3-camere-decomandat-incalzire-in-pardoseala-IDFocS.html
Central Address Residence - 2 camere,123 200 €,"Bucuresti, Sectorul 5",77 m²,https://www.storia.ro/ro/oferta/central-address-residence-2-camere-IDmgd0.html
Apartment 2 camere pe Bld. Metalurgiei/ Dimitrie Leonida Metrou,105 000 €,"Bucuresti, Sectorul 4",62 m²,https://www.storia.ro/ro/oferta/apartment-2-camere-pe-bld-metalurgiei-dimitrie-leonida-metrou-IDFbk8.html
"Apartament 2 camere Titan – Strada Jean Steriadi, etaj 10",79 990 €,"Bucuresti, Sectorul 3",51 m²,https://www.storia.ro/ro/oferta/apartament-2-camere-titan-strada-jean-steriadi-etaj-10-IDE29n.html
Apartament 3 camere Lujerului Nemobilat A450,105 999 €,"Bucuresti, Sectorul 6",77 m²,https://www.storia.ro/ro/oferta/apartament-3-camere-lujerului-nemobilat-a450-IDEYuu.html
De vanzare garsoniera in rate dezvoltator Militari Residence,39 000 €,Chiajna,31 m²,https://www.storia.ro/ro/oferta/de-vanzare-garsoniera-in-rate-dezvoltator-militari-residence-IDAeaV.html
"Garsoniera, str Ilie Petre, Metro Militari",49 000 €,"Bucuresti, Sectorul 6",30 m²,https://www.storia.ro/ro/oferta/garsoniera-str-ilie-petre-metro-militari-IDDUQL.html
Apartament 2 camere decomandat mobilat și utilat – zona Gorjului / N-u,89 999 €,"Bucuresti, Sectorul 6",54 m²,https://www.storia.ro/ro/oferta/apartament-2-camere-decomandat-mobilat-i-utilat-zona-gorjului-n-u-IDEZG6.html
"Apartament 2 camere, 44 mp, Bloc nou",74 000 €,"Bucuresti, Sectorul 2",44 m²,https://www.olx.ro/d/oferta/apartament-2-camere-44-mp-bloc-nou-IDj4GGW.html
Apartament 2 camere 23 august OTOPENI,75 000 €,Otopeni,46 m²,https://www.storia.ro/ro/oferta/apartament-2-camere-23-august-otopeni-IDEcBo.html
Central Address Residence - 2 camere,130 900 €,"Bucuresti, Sectorul 5",77 m²,https://www.storia.ro/ro/oferta/central-address-residence-2-camere-IDmgdh.html
Garsoniera cu curte si parcare Popesti Leordeni gata in 6 luni,52 000 €,"Bucuresti, Sectorul 4",70 m²,https://www.storia.ro/ro/oferta/garsoniera-cu-curte-si-parcare-popesti-leordeni-gata-in-6-luni-IDEZYO.html
Garsoniera Militari Residence martie 2026,40 000 €,"Bucuresti, Sectorul 6",30 m²,https://www.storia.ro/ro/oferta/garsoniera-militari-residence-martie-2026-IDEKal.html
Garsoniera Militari Vest Group Proiect Weiner Residence,37 150 €,Rosu,30 m²,https://www.storia.ro/ro/oferta/garsoniera-militari-vest-group-proiect-weiner-residence-IDDAkB.html
Central Address Residence - 3 camere,205 700 €,"Bucuresti, Sectorul 5",121 m²,https://www.storia.ro/ro/oferta/central-address-residence-3-camere-IDmes5.html
De vanzare garsoniera dubla cu incalzire in pardoseala - Sos. Salaj,67 900 €,"Bucuresti, Sectorul 5",50 m²,https://www.storia.ro/ro/oferta/de-vanzare-garsoniera-dubla-cu-incalzire-in-pardoseala-sos-salaj-IDBPai.html
3 Rooms Penthouse + Terrace 16SQM + Parking | H Pipera Lake - Porsche,199 980 €,"Bucuresti, Sectorul 1",80 m²,https://www.storia.ro/ro/oferta/3-rooms-penthouse-terrace-16sqm-parking-h-pipera-lake-porsche-IDE6Ko.html
Apartament 2 camere Unirii-Tineretului T639,99 900 €,"Bucuresti, Sectorul 4",48 m²,https://www.storia.ro/ro/oferta/apartament-2-camere-unirii-tineretului-t639-IDEXNL.html
Vanzare locuri de parcare piata Progresul-Intrarea Targu Frumos,10 000 €,"Bucuresti, Sectorul 4",13 m²,https://www.storia.ro/ro/oferta/vanzare-locuri-de-parcare-piata-progresul-intrarea-targu-frumos-IDEcmr.html
"Gars decomandata 38m, tripan ,incalzire pardoseala,stradal GIURGIULUI",53 500 €,"Bucuresti, Sectorul 4",38 m²,https://www.olx.ro/d/oferta/gars-decomandata-38m-tripan-incalzire-pardoseala-stradal-giurgiului-IDjAVST.html
"Garsoniera Vitan Mall – Strada Brailita, reabilitata si renovata",89 900 €,"Bucuresti, Sectorul 3",42 m²,https://www.storia.ro/ro/oferta/garsoniera-vitan-mall-strada-brailita-reabilitata-si-renovata-IDDHlk.html
Vanzare Apartamente 2 camere Bld Theodor Pallady,84 000 €,"Bucuresti, Sectorul 3",45 m²,https://www.storia.ro/ro/oferta/vanzare-apartamente-2-camere-bld-theodor-pallady-IDE1ie.html
Comision 0% | Apartament 3 camere IANCU NICOLAE Pipera,289 900 €,Voluntari,111 m²,https://www.storia.ro/ro/oferta/comision-0-apartament-3-camere-iancu-nicolae-pipera-IDBxYg.html
3 cam Rahova -Teius-Ap in Rate,35 000 €,"Bucuresti, Sectorul 5",52 m²,https://www.storia.ro/ro/oferta/3-cam-rahova-teius-ap-in-rate-IDDx34.html
Ap. doua camere zona Militari Residence mutare imediata,65 000 €,"Bucuresti, Sectorul 6",49 m²,https://www.storia.ro/ro/oferta/ap-doua-camere-zona-militari-residence-mutare-imediata-IDEKbb.html
Central Address Residence-zona 13 Septembrie-Marriott-Viilor-Carol,134 850 €,"Bucuresti, Sectorul 5",93 m²,https://www.storia.ro/ro/oferta/central-address-residence-zona-13-septembrie-marriott-viilor-carol-IDmhgo.html
Garsoniera Decomandata Direct Dezvoltator Vest Group Militari,42 300 €,Rosu,35 m²,https://www.storia.ro/ro/oferta/garsoniera-decomandata-direct-dezvoltator-vest-group-militari-IDDAkO.html
"Proprietar vând / închiriez Apartament 3 camere, 91 mp, Otopeni",139 000 €,Otopeni,91 m²,https://www.storia.ro/ro/oferta/proprietar-vnd-nchiriez-apartament-3-camere-91-mp-otopeni-IDF2uh.html
"Apartament de vanzare Hils Republica, Basarabia, Metrou Republica",90 000 €,"Bucuresti, Sectorul 3",57 m²,https://www.storia.ro/ro/oferta/apartament-de-vanzare-hils-republica-basarabia-metrou-republica-IDF2qo.html
2 Camere Rahova -Tunsu Petre,37 800 €,"Bucuresti, Sectorul 5",38 m²,https://www.storia.ro/ro/oferta/2-camere-rahova-tunsu-petre-IDDHyn.html
"Vanzare apartament 3 camere decomandat,",100 000 €,Dobroesti,80 m²,https://www.storia.ro/ro/oferta/vanzare-apartament-3-camere-decomandat-IDEruR.html
"Apartament de vanzare Hils Republica, Basarabia, Metrou",85 500 €,"Bucuresti, Sectorul 3",50 m²,https://www.storia.ro/ro/oferta/apartament-de-vanzare-hils-republica-basarabia-metrou-IDEbID.html
De vanzare Apartament 2 Camere Bucur Obor,89 000 €,"Bucuresti, Sectorul 2",45 m²,https://www.storia.ro/ro/oferta/de-vanzare-apartament-2-camere-bucur-obor-IDF3Bp.html
Garsoniera in zona Militari Residence finalizare aprilie 2026,45 500 €,"Bucuresti, Sectorul 6",35 m²,https://www.storia.ro/ro/oferta/garsoniera-in-zona-militari-residence-finalizare-aprilie-2026-IDEKb5.html
Ap. 2 cam. martie 2026 zona Militari Residence,57 500 €,"Bucuresti, Sectorul 6",45 m²,https://www.storia.ro/ro/oferta/ap-2-cam-martie-2026-zona-militari-residence-IDEKay.html
"Prelungirea Ghencea, Cartierul Latin, 3 camere, 96mp, etaj 4, decomand",125 000 €,"Bucuresti, Sectorul 1",96 m²,https://www.storia.ro/ro/oferta/prelungirea-ghencea-cartierul-latin-3-camere-96mp-etaj-4-decomand-IDxdP8.html
Loc parcare subteran Piata Obor | + TVA,15 000 €,"Bucuresti, Sectorul 2",13 m²,https://www.storia.ro/ro/oferta/loc-parcare-subteran-piata-obor-tva-IDCIHC.html
PROMOTIE TVA 21 % Inclus Garsoniera in constructie bloc nou Sector 4,56 700 €,"Bucuresti, Sectorul 4",37 m²,https://www.storia.ro/ro/oferta/promotie-tva-21-inclus-garsoniera-in-constructie-bloc-nou-sector-4-IDF0Ob.html
"Vanzare ap 2 camere dec, mobilat, utilat, bloc 1982, Zona Tei",83 000 €,"Bucuresti, Sectorul 2",45 m²,https://www.storia.ro/ro/oferta/vanzare-ap-2-camere-dec-mobilat-utilat-bloc-1982-zona-tei-IDEyct.html
"Garsoniera confort 1, zona Iulia Hasdeu total renovata","73 000 €
Prețul e negociabil","Bucuresti, Sectorul 2",30 m²,https://www.olx.ro/d/oferta/garsoniera-confort-1-zona-iulia-hasdeu-total-renovata-IDjV2iY.html
Proprietar vand apart 2 camere supefinisat Prosper Sebastian,119 000 €,"Bucuresti, Sectorul 5",,https://www.olx.ro/d/oferta/proprietar-vand-apart-2-camere-supefinisat-prosper-sebastian-IDjSnd3.html
"Apartament 3 Camere |70,9Mp | Incalzire In Pardoseala | Comision 0%!!",90 309 €,Popesti,71 m²,https://www.storia.ro/ro/oferta/apartament-3-camere-70-9mp-incalzire-in-pardoseala-comision-0-IDF7mC.html
"Vanzare apartament 3 camere spatios, zona Rahova piata",115 000 €,"Bucuresti, Sectorul 5",65 m²,https://www.storia.ro/ro/oferta/vanzare-apartament-3-camere-spatios-zona-rahova-piata-IDDUJI.html
Apartament 3 camere Lujerului Nemobilat A450,105 999 €,"Bucuresti, Sectorul 6",77 m²,https://www.storia.ro/ro/oferta/apartament-3-camere-lujerului-nemobilat-a450-IDEYuw.html
Ansamblu Premium Metrou Teclu Pret promo Titan Pallady ikea Investitie,67 479 €,"Bucuresti, Sectorul 3",46 m²,https://www.storia.ro/ro/oferta/ansamblu-premium-metrou-teclu-pret-promo-titan-pallady-ikea-investitie-IDFbt8.html
"AP 2cam 2bai 61m.p, incalz pardoseala, tripan ,stradal Sos Giurgiului","82 900 €
Prețul e negociabil","Bucuresti, Sectorul 4",61 m²,https://www.olx.ro/d/oferta/ap-2cam-2bai-61m-p-incalz-pardoseala-tripan-stradal-sos-giurgiului-IDjzJlf.html
"Centrul Vechi, old town - airbnb - venituri 2000 eur/luna","128 500 €
Prețul e negociabil","Bucuresti, Sectorul 4",44 m²,https://www.olx.ro/d/oferta/centrul-vechi-old-town-airbnb-venituri-2000-eur-luna-IDjv0jq.html
Garsoniera Militari Residence aprilie 2026,46 500 €,"Bucuresti, Sectorul 6",35 m²,https://www.storia.ro/ro/oferta/garsoniera-militari-residence-aprilie-2026-IDEKaW.html
Apartament 4 camere Colentina B4,119 999 €,"Bucuresti, Sectorul 2",91 m²,https://www.storia.ro/ro/oferta/apartament-4-camere-colentina-b4-IDEwPk.html
Sector 4-Metrou Aparatorii Patriei-Garsoniera decomandata,47 706 €,"Bucuresti, Sectorul 4",37 m²,https://www.storia.ro/ro/oferta/sector-4-metrou-aparatorii-patriei-garsoniera-decomandata-IDEzYp.html
Ap. 2 cam. aprilie 2026 zona Militari Residence,69 800 €,"Bucuresti, Sectorul 6",54 m²,https://www.storia.ro/ro/oferta/ap-2-cam-aprilie-2026-zona-militari-residence-IDEKba.html
Proprietar | 2 camere | 13 Septembrie | Parter | 60 mp | Beton armat,146 000 €,"Bucuresti, Sectorul 5",60 m²,https://www.storia.ro/ro/oferta/proprietar-2-camere-13-septembrie-parter-60-mp-beton-armat-IDF4oS.html
Apartament 3 camere-mobilat /utilat-Militari Residence-Comision 0%,99 999 €,"Bucuresti, Sectorul 6",68 m²,https://www.storia.ro/ro/oferta/apartament-3-camere-mobilat-utilat-militari-residence-comision-0-IDFkQp.html
Apartamente Exclusiviste Bragadiru!,76 500 €,Bragadiru,53 m²,https://www.storia.ro/ro/oferta/apartamente-exclusiviste-bragadiru-IDAn03.html
"Vanzare apartament 3 camere decomandat,",100 000 €,Dobroesti,80 m²,https://www.storia.ro/ro/oferta/vanzare-apartament-3-camere-decomandat-IDEruR.html
Berceni-Aparatorii Patriei-Apartament 3 camere-TVA 21% INCLUS,108 628 €,"Bucuresti, Sectorul 4",84 m²,https://www.storia.ro/ro/oferta/berceni-aparatorii-patriei-apartament-3-camere-tva-21-inclus-IDElDz.html
Apartament cu 1 camere de vânzare- Parcul Morarilor,72 500 €,Dobroesti,41 m²,https://www.storia.ro/ro/oferta/apartament-cu-1-camere-de-vnzare-parcul-morarilor-IDDZ36.html
"Apartament de vanzare-2 camere, renovat, mobilat - cladire 2007 Snagov",65 000 €,Snagov,57 m²,https://www.storia.ro/ro/oferta/apartament-de-vanzare-2-camere-renovat-mobilat-cladire-2007-snagov-IDDQWD.html
Apartament cu 2 camere șoseaua Alexandriei Bragadiru,55 000 €,Bragadiru,46 m²,https://www.storia.ro/ro/oferta/apartament-cu-2-camere-oseaua-alexandriei-bragadiru-IDD2x8.html
Garsoniera Militari Residence aprilie 2026,45 500 €,"Bucuresti, Sectorul 6",35 m²,https://www.storia.ro/ro/oferta/garsoniera-militari-residence-aprilie-2026-IDEKaw.html
Apartament 4 camere 269 mp de vanzare Tineretului Asmita Gardens-Mobil,550 000 €,"Bucuresti, Sectorul 3",269 m²,https://www.storia.ro/ro/oferta/apartament-4-camere-269-mp-de-vanzare-tineretului-asmita-gardens-mobil-IDAb0u.html
Apartament 3 camere Giurgiului B3,78 000 €,"Bucuresti, Sectorul 4",68 m²,https://www.storia.ro/ro/oferta/apartament-3-camere-giurgiului-b3-IDEnNf.html
Garsoniera Militari Residence aprilie 2026,45 500 €,"Bucuresti, Sectorul 6",35 m²,https://www.storia.ro/ro/oferta/garsoniera-militari-residence-aprilie-2026-IDEKb6.html
"Duplex, 3 camere, Mutare Imediata",109 587 €,"Bucuresti, Sectorul 4",78 m²,https://www.storia.ro/ro/oferta/duplex-3-camere-mutare-imediata-IDEu3B.html
Apartament 3 camere Lujerului Nemobilat A450,105 999 €,"Bucuresti, Sectorul 6",77 m²,https://www.storia.ro/ro/oferta/apartament-3-camere-lujerului-nemobilat-a450-IDEGKp.html
Apartament 3 camere de vanzare - Bulevardul Decebal,285 000 €,"Bucuresti, Sectorul 3",79 m²,https://www.storia.ro/ro/oferta/apartament-3-camere-de-vanzare-bulevardul-decebal-IDF7En.html
Apartament 2 camere Militari/ direct dezvoltator/ comision 0%,79 800 €,"Bucuresti, Sectorul 6",57 m²,https://www.storia.ro/ro/oferta/apartament-2-camere-militari-direct-dezvoltator-comision-0-IDF2Ec.html
"Apartament de vanzare cu 2 camere Confort Park, Vitan,Delta Vacaresti",110 000 €,"Bucuresti, Sectorul 4",61 m²,https://www.storia.ro/ro/oferta/apartament-de-vanzare-cu-2-camere-confort-park-vitan-delta-vacaresti-IDFcZI.html
Ultracentral Metrou Universitate 3 camere 66mp etaj 1,76 996 €,"Bucuresti, Sectorul 3",66 m²,https://www.storia.ro/ro/oferta/ultracentral-metrou-universitate-3-camere-66mp-etaj-1-IDEIGv.html
"PROMOTIE TVA 21% inclus 2 camere decomandat, bloc nou Metrou Aparatori",81 880 €,"Bucuresti, Sectorul 4",57 m²,https://www.storia.ro/ro/oferta/promotie-tva-21-inclus-2-camere-decomandat-bloc-nou-metrou-aparatori-IDF0Qm.html
"Apartament 2 camere, str Ilie Petre, Metro Militari",69 500 €,"Bucuresti, Sectorul 6",48 m²,https://www.storia.ro/ro/oferta/apartament-2-camere-str-ilie-petre-metro-militari-IDDUQU.html
"Pantelimon Cernica,Apartament,2 Camere, 88 Mp,Vedere Panoramica Lac",102 000 €,Pantelimon,88 m²,https://www.storia.ro/ro/oferta/pantelimon-cernica-apartament-2-camere-88-mp-vedere-panoramica-lac-IDDBRc.html
Vanzare apartament 3 camere in Titan- 7 min Metrou !!!,114 900 €,"Bucuresti, Sectorul 3",67 m²,https://www.storia.ro/ro/oferta/vanzare-apartament-3-camere-in-titan-7-min-metrou-IDExoj.html
"PROMOTIE TVA 21 % Inclus, 2 camere in constructie, bloc nou Sector 4",68 500 €,"Bucuresti, Sectorul 4",50 m²,https://www.storia.ro/ro/oferta/promotie-tva-21-inclus-2-camere-in-constructie-bloc-nou-sector-4-IDF0Pj.html
"Aparatament 3 camere, Nitu Vasile- ANAF, Piata Sudului, comision 0%",83 500 €,"Bucuresti, Sectorul 4",58 m²,https://www.storia.ro/ro/oferta/aparatament-3-camere-nitu-vasile-anaf-piata-sudului-comision-0-IDF5Xe.html
Apartament 3 camere-Loc Parcare inclus-Militari Residence-Comision 0%,78 500 €,"Bucuresti, Sectorul 6",51 m²,https://www.storia.ro/ro/oferta/apartament-3-camere-loc-parcare-inclus-militari-residence-comision-0-IDFhNd.html
Vanzare 2 camere finalizat langa Metrou Aparatorii Patriei Promotie!,66 000 €,"Bucuresti, Sectorul 4",50 m²,https://www.storia.ro/ro/oferta/vanzare-2-camere-finalizat-langa-metrou-aparatorii-patriei-promotie-IDxv5v.html
Titan garsonieră confort 1,51 000 €,"Bucuresti, Sectorul 3",32 m²,https://www.storia.ro/ro/oferta/titan-garsonier-confort-1-IDFadp.html
Garsoniera cartier Militari Residence- mutare imediata!!,48 500 €,"Bucuresti, Sectorul 6",32 m²,https://www.storia.ro/ro/oferta/garsoniera-cartier-militari-residence-mutare-imediata-IDEKaS.html
"Apartament 3 camere, metrou Berceni-Dimitrie Leonida",111 078 €,"Bucuresti, Sectorul 4",75 m²,https://www.storia.ro/ro/oferta/apartament-3-camere-metrou-berceni-dimitrie-leonida-IDFjOu.html
Apartament 2 camere Dobroești-Fundeni,95 000 €,Dobroesti,62 m²,https://www.olx.ro/d/oferta/apartament-2-camere-dobroesti-fundeni-IDjVzyX.html
Berceni-Aparatorii Patriei-Apartament 2 camere-tva 21% inclus,68 561 €,"Bucuresti, Sectorul 4",49 m²,https://www.storia.ro/ro/oferta/berceni-aparatorii-patriei-apartament-2-camere-tva-21-inclus-IDDZZF.html
Garsoniera in zona Militari Residence finalizare aprilie 2026,45 500 €,"Bucuresti, Sectorul 6",35 m²,https://www.storia.ro/ro/oferta/garsoniera-in-zona-militari-residence-finalizare-aprilie-2026-IDEKaE.html
Garsoniera decomandata - metrou Gorjului,64 000 €,"Bucuresti, Sectorul 6",35 m²,https://www.storia.ro/ro/oferta/garsoniera-decomandata-metrou-gorjului-IDFcj4.html
Garsoniera + Parcare subterana Bloc 2023 metrou Preciziei Rotar Park,104 900 €,"Bucuresti, Sectorul 6",52 m²,https://www.storia.ro/ro/oferta/garsoniera-parcare-subterana-bloc-2023-metrou-preciziei-rotar-park-IDFdvF.html
"3 camere renovate total, parter cu gradina – Baicului, langa Doamna",90 000 €,"Bucuresti, Sectorul 2",58 m²,https://www.storia.ro/ro/oferta/3-camere-renovate-total-parter-cu-gradina-baicului-langa-doamna-IDEavp.html
Central Address Residence - zona 13 Septembrie-Marriott-Viilor-Carol,224 400 €,"Bucuresti, Sectorul 5",132 m²,https://www.storia.ro/ro/oferta/central-address-residence-zona-13-septembrie-marriott-viilor-carol-IDmf8R.html
Onix Park North (apartament 2 camere de vanzare),155 000 €,"Bucuresti, Sectorul 1",,https://www.olx.ro/d/oferta/onix-park-north-apartament-2-camere-de-vanzare-IDjxd9d.html
3 camere centrala proprie Rahova B6,85 000 €,"Bucuresti, Sectorul 5",63 m²,https://www.storia.ro/ro/oferta/3-camere-centrala-proprie-rahova-b6-IDF42y.html
Apartament 2 camere-Mobilat-Militari Residence-Comision 0%,81 000 €,"Bucuresti, Sectorul 6",50 m²,https://www.storia.ro/ro/oferta/apartament-2-camere-mobilat-militari-residence-comision-0-IDFp4C.html
Apartament Smart Home cu 3 camere pe bd. Ion Mihalache,129 000 €,"Bucuresti, Sectorul 1",60 m²,https://www.storia.ro/ro/oferta/apartament-smart-home-cu-3-camere-pe-bd-ion-mihalache-IDEx50.html
"DE VANZARE APARTAMENT Calea Dudesti, sector 3","130 000 €
Prețul e negociabil","Bucuresti, Sectorul 3",55 m²,https://www.olx.ro/d/oferta/de-vanzare-apartament-calea-dudesti-sector-3-IDjUwTb.html
Apartament 3 camere langa padurea Chiajna Direct Dezvoltator MIlitari,100 625 €,Chiajna,78 m²,https://www.storia.ro/ro/oferta/apartament-3-camere-langa-padurea-chiajna-direct-dezvoltator-militari-IDDFSb.html
"Ap. 3 camere, Direct Dezvoltator-Pret Corect, TVA inclus Weiner Palada",86 000 €,"Bucuresti, Sectorul 6",67 m²,https://www.storia.ro/ro/oferta/ap-3-camere-direct-dezvoltator-pret-corect-tva-inclus-weiner-palada-IDF1Sd.html
Apartament 2 camere Otopeni | comision 0 - de la dezvoltator,74 320 €,Otopeni,50 m²,https://www.storia.ro/ro/oferta/apartament-2-camere-otopeni-comision-0-de-la-dezvoltator-IDF3ad.html
Apartament 4 camere Colentina B4,119 999 €,"Bucuresti, Sectorul 2",91 m²,https://www.storia.ro/ro/oferta/apartament-4-camere-colentina-b4-IDEBLD.html
Apartament 3 camere bloc 2015 Andronache total renovat | Curte comuna,192 000 €,"Bucuresti, Sectorul 2",80 m²,https://www.storia.ro/ro/oferta/apartament-3-camere-bloc-2015-andronache-total-renovat-curte-comuna-IDEpFA.html
"Apartament 3 camere Metrou ""Dimitrie Leonida """,126 500 €,Popesti,62 m²,https://www.storia.ro/ro/oferta/apartament-3-camere-metrou-dimitrie-leonida-IDESQa.html
2 camere BragadiruCristalului inc pardo mutare rapida rate dezvoltator,81 888 €,Bragadiru,54 m²,https://www.storia.ro/ro/oferta/2-camere-bragadirucristalului-inc-pardo-mutare-rapida-rate-dezvoltator-IDAQeT.html
PROPRIETAR- Apartament 2 camere decomandat-Drumul Taberei Parc/Plazza,127 000 €,"Bucuresti, Sectorul 6",49 m²,https://www.storia.ro/ro/oferta/proprietar-apartament-2-camere-decomandat-drumul-taberei-parc-plazza-IDF5Bf.html
Apartament 2 camere decomandat mobilat și utilat / N-uri A500,89 999 €,"Bucuresti, Sectorul 6",54 m²,https://www.storia.ro/ro/oferta/apartament-2-camere-decomandat-mobilat-i-utilat-n-uri-a500-IDEZFO.html
Apartament 2 camere decomandat mobilat și utilat Gorjului / N-uri A500,89 999 €,"Bucuresti, Sectorul 6",54 m²,https://www.storia.ro/ro/oferta/apartament-2-camere-decomandat-mobilat-i-utilat-gorjului-n-uri-a500-IDEZG1.html
"Garsoniera Hils Brauner+, metrou Nicolae Teclu, Ikea Theodor Pallady",79 000 €,"Bucuresti, Sectorul 3",38 m²,https://www.storia.ro/ro/oferta/garsoniera-hils-brauner-metrou-nicolae-teclu-ikea-theodor-pallady-IDBV7V.html
Apartament cu 2 camere - Mall Vitan - COMISION 0 - Proprietar,224 000 €,"Bucuresti, Sectorul 3",71 m²,https://www.storia.ro/ro/oferta/apartament-cu-2-camere-mall-vitan-comision-0-proprietar-IDFby2.html
Central Address Residence - 3 camere,148 800 €,"Bucuresti, Sectorul 5",96 m²,https://www.storia.ro/ro/oferta/central-address-residence-3-camere-IDmevt.html
"Penthouse Exclusivist – Vedere Panoramică 360°, Lângă Pădure",250 000 €,Chiajna,293 m²,https://www.storia.ro/ro/oferta/penthouse-exclusivist-vedere-panoramic-360-lng-pdure-IDF2OD.html
Central Address Residence - 3 camere,158 100 €,"Bucuresti, Sectorul 5",93 m²,https://www.storia.ro/ro/oferta/central-address-residence-3-camere-IDmevA.html
"Apartament Residence5 lângă pădurea Băneasa, aproape de școlile de top",151 300 €,Voluntari,89 m²,https://www.storia.ro/ro/oferta/apartament-residence5-lng-pdurea-bneasa-aproape-de-colile-de-top-IDEd02.html
Vanzare Garsoniera | Semidecomandata | Zona Titan,43 000 €,"Bucuresti, Sectorul 3",22 m²,https://www.storia.ro/ro/oferta/vanzare-garsoniera-semidecomandata-zona-titan-IDDWQ5.html
Apartament 4 camere Colentina B4,119 999 €,"Bucuresti, Sectorul 2",91 m²,https://www.storia.ro/ro/oferta/apartament-4-camere-colentina-b4-IDEG2t.html
Vanzare apartament 3 camere - zona Antiaeriana,74 999 €,Bragadiru,50 m²,https://www.storia.ro/ro/oferta/vanzare-apartament-3-camere-zona-antiaeriana-IDElxh.html
Vanzari Garsoniere Cartiere Militari,35 000 €,Rosu,35 m²,https://www.storia.ro/ro/oferta/vanzari-garsoniere-cartiere-militari-IDF8ZB.html
Berceni-Aparatorii Patriei-Garsoniera-Super PRET-TVA 21% INCLUS,56 770 €,"Bucuresti, Sectorul 4",37 m²,https://www.storia.ro/ro/oferta/berceni-aparatorii-patriei-garsoniera-super-pret-tva-21-inclus-IDEG4q.html
"New World Residence,Vitan,Apartament,3 Camere,89 Mp,Etaj 6,Mobilat",156 600 €,"Bucuresti, Sectorul 4",89 m²,https://www.storia.ro/ro/oferta/new-world-residence-vitan-apartament-3-camere-89-mp-etaj-6-mobilat-IDDBRm.html
Studio/Weiner Palada/Militari Residence/Direct Dezvoltator,56 600 €,"Bucuresti, Sectorul 6",40 m²,https://www.storia.ro/ro/oferta/studio-weiner-palada-militari-residence-direct-dezvoltator-IDF3Fv.html
Drumul Taberei metrou DIRECT PROPRIETAR,139 900 €,"Bucuresti, Sectorul 6",74 m²,https://www.olx.ro/d/oferta/drumul-taberei-metrou-direct-proprietar-IDjVVQm.html
"Descopera un apartament tip studio, ideal investitie",61 600 €,"Bucuresti, Sectorul 6",44 m²,https://www.storia.ro/ro/oferta/descopera-un-apartament-tip-studio-ideal-investitie-IDFgfF.html
"Gorjului, ap 2 cam confort 1, etaj 1, langa piata, 2 min Metrou, Iului",94 000 €,"Bucuresti, Sectorul 6",48 m²,https://www.storia.ro/ro/oferta/gorjului-ap-2-cam-confort-1-etaj-1-langa-piata-2-min-metrou-iului-IDFakg.html
Garsoniere - Militari - Iuliu Maniu - Rezervelor - Weiner2 VestGroup,30 900 €,"Bucuresti, Sectorul 6",27 m²,https://www.storia.ro/ro/oferta/garsoniere-militari-iuliu-maniu-rezervelor-weiner2-vestgroup-IDCoAn.html
Central Address Residence - zona 13 Septembrie-Marriott-Viilor-Carol,204 000 €,"Bucuresti, Sectorul 5",120 m²,https://www.storia.ro/ro/oferta/central-address-residence-zona-13-septembrie-marriott-viilor-carol-IDmf8z.html
Garsoniera et 1/3 mobilata utilata parcare,46 500 €,Bragadiru,32 m²,https://www.storia.ro/ro/oferta/garsoniera-et-1-3-mobilata-utilata-parcare-IDEFxV.html
Apartament 3 camere - Compartimentare inteligenta - Bragadiru,95 500 €,Bragadiru,75 m²,https://www.storia.ro/ro/oferta/apartament-3-camere-compartimentare-inteligenta-bragadiru-IDAqkH.html
Vanzare garsoniera decomandata Sebastian Parc,"65 000 €
Prețul e negociabil","Bucuresti, Sectorul 5",36 m²,https://www.olx.ro/d/oferta/vanzare-garsoniera-decomandata-sebastian-parc-IDjR8xF.html
"Apartament 2 camere Basarabia – Costin Georgian, reabilitat si moder",129 000 €,"Bucuresti, Sectorul 3",57 m²,https://www.storia.ro/ro/oferta/apartament-2-camere-basarabia-costin-georgian-reabilitat-si-moder-IDDHRx.html
Apartament tip studio- Incalzire prin pardoseala- Comision 0- Militari,58 000 €,"Bucuresti, Sectorul 6",40 m²,https://www.storia.ro/ro/oferta/apartament-tip-studio-incalzire-prin-pardoseala-comision-0-militari-IDFs7s.html
"Apartament 2 camere, Militari, bloc nou",79 800 €,"Bucuresti, Sectorul 6",65 m²,https://www.storia.ro/ro/oferta/apartament-2-camere-militari-bloc-nou-IDFshA.html
Central Address Residence - 3 camere,122 850 €,"Bucuresti, Sectorul 5",91 m²,https://www.storia.ro/ro/oferta/central-address-residence-3-camere-IDmhdm.html
Vanzare Garsoniera Decomandata-Incalzire pardoseala-tva inclus,46 480 €,"Bucuresti, Sectorul 6",31 m²,https://www.storia.ro/ro/oferta/vanzare-garsoniera-decomandata-incalzire-pardoseala-tva-inclus-IDFq18.html
"Garsonieră de vânzare Otopeni lângă DN1, Primărie, Centru",63 990 €,Otopeni,40 m²,https://www.storia.ro/ro/oferta/garsonier-de-vnzare-otopeni-lng-dn1-primrie-centru-IDDyyY.html
"Splaiul Unirii, Finisaje Premium, Direct dezvoltator",123 825 €,"Bucuresti, Sectorul 4",64 m²,https://www.storia.ro/ro/oferta/splaiul-unirii-finisaje-premium-direct-dezvoltator-IDECKo.html
Apartament 2 camere Cartier Adora/Bragadiru gradina proprie,93 000 €,Bragadiru,66 m²,https://www.storia.ro/ro/oferta/apartament-2-camere-cartier-adora-bragadiru-gradina-proprie-IDFjEQ.html
"2 camere, Victory Residence, Militari, Rezervelor 65, Predare la cheie",80 500 €,"Bucuresti, Sectorul 6",47 m²,https://www.olx.ro/d/oferta/2-camere-victory-residence-militari-rezervelor-65-predare-la-cheie-IDj1NhQ.html
Vanzare proproprietar Apartament 2 camere Avangarde residential,"63 800 €
Prețul e negociabil",Rosu,,https://www.olx.ro/d/oferta/vanzare-proproprietar-apartament-2-camere-avangarde-residential-IDjQQin.html
Penthouse IMPECABIL Tunari,175 000 €,Tunari,82 m²,https://www.storia.ro/ro/oferta/penthouse-impecabil-tunari-IDBm5E.html
3 camere centrala proprie Rahova B6,85 000 €,"Bucuresti, Sectorul 5",63 m²,https://www.storia.ro/ro/oferta/3-camere-centrala-proprie-rahova-b6-IDE8CB.html
Apartament 2 camere de vanzare Nusco City 2 Pipera Aviatiei Promenada,178 900 €,"Bucuresti, Sectorul 2",60 m²,https://www.storia.ro/ro/oferta/apartament-2-camere-de-vanzare-nusco-city-2-pipera-aviatiei-promenada-IDDLJm.html
"Apartament 3 camere decomandat – Chitila Ilfov, bloc reabilitat!!!","75 000 €
Prețul e negociabil","Ilfov, Chitila",46 m²,https://www.olx.ro/d/oferta/apartament-3-camere-decomandat-chitila-ilfov-bloc-reabilitat-IDjSQeS.html
Apartament 2 camere modern tip studio - Mc Donalds Bragadiru,67 000 €,Bragadiru,46 m²,https://www.storia.ro/ro/oferta/apartament-2-camere-modern-tip-studio-mc-donalds-bragadiru-IDE7FL.html
Central Address Residence - zona 13 Septembrie-Marriott-Viilor-Carol,204 000 €,"Bucuresti, Sectorul 5",120 m²,https://www.storia.ro/ro/oferta/central-address-residence-zona-13-septembrie-marriott-viilor-carol-IDmf8z.html
Central Address Residence - 3 camere,183 600 €,"Bucuresti, Sectorul 5",108 m²,https://www.storia.ro/ro/oferta/central-address-residence-3-camere-IDmhd2.html
Apartament 2 camere de vanzare langa Parcul Sebastian,109 990 €,"Bucuresti, Sectorul 5",60 m²,https://www.storia.ro/ro/oferta/apartament-2-camere-de-vanzare-langa-parcul-sebastian-IDF6i6.html
"Piata Unirii - fantana mare, apartament 4 camere",360 000 €,"Bucuresti, Sectorul 3",104 m²,https://www.storia.ro/ro/oferta/piata-unirii-fantana-mare-apartament-4-camere-IDBzcm.html
Central Address Residence zona 13 Septembrie-Marriott-Viilor-Carol,166 600 €,"Bucuresti, Sectorul 5",98 m²,https://www.storia.ro/ro/oferta/central-address-residence-zona-13-septembrie-marriott-viilor-carol-IDmeku.html
Apartament cu Gradina Padure Chiajna Bloc Stradal Direct Dezvoltator,160 300 €,Rosu,81 m²,https://www.storia.ro/ro/oferta/apartament-cu-gradina-padure-chiajna-bloc-stradal-direct-dezvoltator-IDB3vk.html
Apartament 3 camere et 1/4 + parcare + loc boxa/centrala/ proprietar.,"105 000 €
Prețul e negociabil","Bucuresti, Sectorul 4",68 m²,https://www.olx.ro/d/oferta/apartament-3-camere-et-1-4-parcare-loc-boxa-centrala-proprietar-IDjwCDr.html
Apartament 2 Camere Direct Dezvoltator Finalizare 2025,50 900 €,"Bucuresti, Sectorul 6",51 m²,https://www.storia.ro/ro/oferta/apartament-2-camere-direct-dezvoltator-finalizare-2025-IDBqtr.html
"Titan-Potcoava-Metrou -3 camere, etaj 5, reabilitat",106 500 €,"Bucuresti, Sectorul 3",59 m²,https://www.storia.ro/ro/oferta/titan-potcoava-metrou-3-camere-etaj-5-reabilitat-IDEhtP.html
Militari 3 min metrou Lujerului garsoniera 40 mp decomandata bloc 1989,84 500 €,"Bucuresti, Sectorul 6",40 m²,https://www.storia.ro/ro/oferta/militari-3-min-metrou-lujerului-garsoniera-40-mp-decomandata-bloc-1989-IDFfEe.html
Studio Nou | Mobilat & Utilat Complet | Parcare Inclusă | Comision 0%,65 500 €,"Bucuresti, Sectorul 6",33 m²,https://www.storia.ro/ro/oferta/studio-nou-mobilat-utilat-complet-parcare-inclus-comision-0-IDFpVE.html
Eleganță urbană – Apartament 3 camere Bragadiru| 75 mp,95 500 €,Bragadiru,75 m²,https://www.storia.ro/ro/oferta/elegan-urban-apartament-3-camere-bragadiru-75mp-IDE60p.html
OFERTA BLACK FRIDAY! Bucatarie la comanda lux + electrocasnice,172 300 €,Otopeni,143 m²,https://www.storia.ro/ro/oferta/oferta-black-friday-bucatarie-la-comanda-lux-electrocasnice-IDErKT.html
"Vand apartament 2 camere Hils Republica, Metrou, Basarabia",86 000 €,"Bucuresti, Sectorul 3",59 m²,https://www.storia.ro/ro/oferta/vand-apartament-2-camere-hils-republica-metrou-basarabia-IDF7Zp.html
"Apartament 3 camere cu parcare – Strada Rezervelor, demisol înalt, 52",62 999 €,Dudu,52 m²,https://www.storia.ro/ro/oferta/apartament-3-camere-cu-parcare-strada-rezervelor-demisol-nalt-52-IDDZ9v.html
Oportunitate | Garsoniera | Tei | Decomandata | Bloc 1989,71 000 €,"Bucuresti, Sectorul 2",40 m²,https://www.storia.ro/ro/oferta/oportunitate-garsoniera-tei-decomandata-bloc-1989-IDEJ2Y.html
"Apartament de vanzare 2 camere Otopeni, complex Toscana",87 000 €,Otopeni,45 m²,https://www.olx.ro/d/oferta/apartament-de-vanzare-2-camere-otopeni-complex-toscana-IDgZo8v.html
"Apartament 2 camere, mobilat si utilat, strada Teius, Sector 5",80 900 €,"Bucuresti, Sectorul 5",44 m²,https://www.storia.ro/ro/oferta/apartament-2-camere-mobilat-si-utilat-strada-teius-sector-5-IDF8Gc.html
2 Camere Ideal Investitie -Incalzire in pardoseala Parcare Bonus,70 394 €,"Bucuresti, Sectorul 3",39 m²,https://www.storia.ro/ro/oferta/2-camere-ideal-investitie-incalzire-in-pardoseala-parcare-bonus-IDFmVm.html
"Apartament 2 camere,decomandat,Str Diamantului Bragadiru",67 500 €,Bragadiru,54 m²,https://www.storia.ro/ro/oferta/apartament-2-camere-decomandat-str-diamantului-bragadiru-IDFmJO.html
Central Address Residence - Apartament 3 camere.,127 360 €,"Bucuresti, Sectorul 5",80 m²,https://www.storia.ro/ro/oferta/central-address-residence-apartament-3-camere-IDlIZn.html
De vanzare garsoniera dubla cu incalzire in pardoseala - Sos. Salaj,67 900 €,"Bucuresti, Sectorul 5",50 m²,https://www.storia.ro/ro/oferta/de-vanzare-garsoniera-dubla-cu-incalzire-in-pardoseala-sos-salaj-IDBPai.html
"2 camere decomandat – încălzire în pardoseală, natura, dezvoltator",96 550 €,"Bucuresti, Sectorul 6",57 m²,https://www.storia.ro/ro/oferta/2-camere-decomandat-nclzire-n-pardoseal-natura-dezvoltator-IDFshw.html
Central Address Residence - 2 camere,123 200 €,"Bucuresti, Sectorul 5",77 m²,https://www.storia.ro/ro/oferta/central-address-residence-2-camere-IDmgd0.html
De vanzare Apartament 2 camere Mega Mall Pantelimon,82 900 €,"Bucuresti, Sectorul 2",51 m²,https://www.storia.ro/ro/oferta/de-vanzare-apartament-2-camere-mega-mall-pantelimon-IDFqcr.html
Apartament 2 camere nemobilat Unirii - Cantemir T99,85 000 €,"Bucuresti, Sectorul 3",55 m²,https://www.storia.ro/ro/oferta/apartament-2-camere-nemobilat-unirii-cantemir-t99-IDE6Nk.html
Apartament 2 camere cu terasa - Eleganta si confort urban Bragadiru,85 500 €,Bragadiru,82 m²,https://www.storia.ro/ro/oferta/apartament-2-camere-cu-terasa-eleganta-si-confort-urban-bragadiru-IDCU41.html
"Apartament 3 camere Teiul Doamnei – Aleea Teiul Doamnei, reabilitat",85 000 €,"Bucuresti, Sectorul 2",47 m²,https://www.storia.ro/ro/oferta/apartament-3-camere-teiul-doamnei-aleea-teiul-doamnei-reabilitat-IDEo9u.html
Apartament 3 camere Baneasa/Ambasada Americii,420 000 €,"Bucuresti, Sectorul 1",132 m²,https://www.storia.ro/ro/oferta/apartament-3-camere-baneasa-ambasada-americii-IDFhaR.html
Garsoniera etaj 1 cu parcare intabulata separat,46 500 €,Bragadiru,32 m²,https://www.storia.ro/ro/oferta/garsoniera-etaj-1-cu-parcare-intabulata-separat-IDEIiD.html
Central Address Residence 3 camere,132 675 €,"Bucuresti, Sectorul 5",92 m²,https://www.storia.ro/ro/oferta/central-address-residence-3-camere-IDmep2.html
Apartament de vânzare Parter+Loc Parcare+Boxa(Superb),"110 000 €
Prețul e negociabil","Bucuresti, Sectorul 3",53 m²,https://www.olx.ro/d/oferta/apartament-de-vanzare-parter-loc-parcare-boxasuperb-IDjW7FJ.html
Apartament 2 camere tip Studio – Str. Weiner Pallada – Bloc Nou,65 000 €,"Bucuresti, Sectorul 6",40 m²,https://www.storia.ro/ro/oferta/apartament-2-camere-tip-studio-str-weiner-pallada-bloc-nou-IDFjfV.html
"Apartament decomandat - 2 camere, finisaje moderne, zona Grand Arena",73 500 €,"Bucuresti, Sectorul 4",51 m²,https://www.storia.ro/ro/oferta/apartament-decomandat-2-camere-finisaje-moderne-zona-grand-arena-IDDEhl.html
Apartament 4 Camere Calea Mosilor - metrou Obor,176 000 €,"Bucuresti, Sectorul 2",80 m²,https://www.storia.ro/ro/oferta/apartament-4-camere-calea-mosilor-metrou-obor-IDEGPy.html
Vanzare proproprietar Apartament 2 camere Avangarde residential,"63 800 €
Prețul e negociabil",Rosu,,https://www.olx.ro/d/oferta/vanzare-proproprietar-apartament-2-camere-avangarde-residential-IDjQQin.html
Penthouse spectaculos cu vedere catre parc,2 700 000 €,"Bucuresti, Sectorul 1",342 m²,https://www.storia.ro/ro/oferta/penthouse-spectaculos-cu-vedere-catre-parc-IDBBet.html
Apartament 3 camere Piata Muncii – Decebal/Calea Calarasi,204 990 €,"Bucuresti, Sectorul 3",70 m²,https://www.storia.ro/ro/oferta/apartament-3-camere-piata-muncii-decebal-calea-calarasi-IDDHjW.html
"Apartament 2 camere, 68 mp, Strada Frumusani, Comision 0",87 000 €,"Bucuresti, Sectorul 4",55 m²,https://www.storia.ro/ro/oferta/apartament-2-camere-68-mp-strada-frumusani-comision-0-IDENBF.html
Central Address Residence - zona 13 Septembrie-Marriott-Viilor-Carol,229 500 €,"Bucuresti, Sectorul 5",135 m²,https://www.storia.ro/ro/oferta/central-address-residence-zona-13-septembrie-marriott-viilor-carol-IDmhfX.html
De vanzare | Apartament 3 Camere la Parter | Brick Lofts Floreasca,360 000 €,"Bucuresti, Sectorul 2",82 m²,https://www.storia.ro/ro/oferta/de-vanzare-apartament-3-camere-la-parter-brick-lofts-floreasca-IDFfSl.html
Apartament 3 camere Giurgiului B3,78 000 €,"Bucuresti, Sectorul 4",68 m²,https://www.storia.ro/ro/oferta/apartament-3-camere-giurgiului-b3-IDEnNi.html
Central Address Residence - 4 camere,209 600 €,"Bucuresti, Sectorul 5",131 m²,https://www.storia.ro/ro/oferta/central-address-residence-4-camere-IDmgf1.html
Prelungirea Ghencea 2 Camere 56Mp | Decomandat,76 490 €,Bragadiru,56 m²,https://www.storia.ro/ro/oferta/prelungirea-ghencea-2-camere-56mp-decomandat-IDEMGI.html
Apartament 2 camere decomandat-renovat 2025-Drumul Taberei Parc/PLazza,"127 000 €
Prețul e negociabil","Bucuresti, Sectorul 6",49 m²,https://www.olx.ro/d/oferta/apartament-2-camere-decomandat-renovat-2025-drumul-taberei-parc-plazza-IDjQVIw.html
"Direct proprietar, bloc 2025, ap. 2 cam., mobilat nou, mutare imediata",89 000 €,Popesti,68 m²,https://www.storia.ro/ro/oferta/direct-proprietar-bloc-2025-ap-2-cam-mobilat-nou-mutare-imediata-IDFnV4.html
Direct Propietar Vând Garsonieră Zona Andronache București,"58 000 €
Prețul e negociabil","Bucuresti, Sectorul 2",32 m²,https://www.olx.ro/d/oferta/direct-propietar-vand-garsoniera-zona-andronache-bucuresti-IDjVutx.html
Apartament 3 camere Obor | Mihai Bravu,105 000 €,"Bucuresti, Sectorul 2",62 m²,https://www.storia.ro/ro/oferta/apartament-3-camere-obor-mihai-bravu-IDFp5e.html
Garsoniera decomandata - Gorjului - PROPRIETAR,72 500 €,"Bucuresti, Sectorul 6",36 m²,https://www.storia.ro/ro/oferta/garsoniera-decomandata-gorjului-proprietar-IDEXcX.html
Garsoniera langa parc si scoala,37 450 €,Chiajna,30 m²,https://www.storia.ro/ro/oferta/garsoniera-langa-parc-si-scoala-IDDCdL.html
"Apartament 2 camere, decomandat Gorjului",69 999 €,"Bucuresti, Sectorul 6",41 m²,https://www.storia.ro/ro/oferta/apartament-2-camere-decomandat-gorjului-IDFdxQ.html
Garsoniera moderna - open space - Complex Pollux - Militari Residence,48 500 €,"Bucuresti, Sectorul 6",29 m²,https://www.storia.ro/ro/oferta/garsoniera-moderna-open-space-complex-pollux-militari-residence-IDFhQz.html
Apartament 3 Camere -Spatios- Ghencea- NOU,134 000 €,"Bucuresti, Sectorul 5",86 m²,https://www.olx.ro/d/oferta/apartament-3-camere-spatios-ghencea-nou-IDjDAX3.html
De vanzare | Apartament 3 Camere mobilat TVA 0 | Cortina North Pipera,259 000 €,"Bucuresti, Sectorul 1",67 m²,https://www.storia.ro/ro/oferta/de-vanzare-apartament-3-camere-mobilat-tva-0-cortina-north-pipera-IDFfTh.html
"Apartament 2 camere,decomandat,Str Diamantului Bragadiru",67 500 €,Bragadiru,54 m²,https://www.storia.ro/ro/oferta/apartament-2-camere-decomandat-str-diamantului-bragadiru-IDFmJO.html
"Apartament spatios 3 camere 0% comision,60Mp,2 bai, Militari Residence",72 000 €,Rosu,60 m²,https://www.storia.ro/ro/oferta/apartament-spatios-3-camere-0-comision-60mp-2-bai-militari-residence-IDENQp.html
Apartament 2 Camere RATE LA DEZVOLTATOR | Bucuresti - SECTOR 5,71 500 €,"Bucuresti, Sectorul 5",58 m²,https://www.storia.ro/ro/oferta/apartament-2-camere-rate-la-dezvoltator-bucuresti-sector-5-IDEO93.html
Garsoniera Decomandata/Cristalului-Bragadiru,57 500 €,Bragadiru,38 m²,https://www.storia.ro/ro/oferta/garsoniera-decomandata-cristalului-bragadiru-IDFtib.html
"Apartament modern cu spatiu optimizat, bloc nou -zona Grand Arena Mall",78 660 €,"Bucuresti, Sectorul 4",44 m²,https://www.storia.ro/ro/oferta/apartament-modern-cu-spatiu-optimizat-bloc-nou-zona-grand-arena-mall-IDEgWH.html
Apartament de vanzare 3 camere,95 000 €,Buftea,,https://www.olx.ro/d/oferta/apartament-de-vanzare-3-camere-IDjXBYa.html
3 Rooms Penthouse + Terrace 16SQM + Parking | H Pipera Lake - Porsche,199 980 €,"Bucuresti, Sectorul 2",80 m²,https://www.storia.ro/ro/oferta/3-rooms-penthouse-terrace-16sqm-parking-h-pipera-lake-porsche-IDE4Aa.html
De Vanzare Garsoniera 32Mp Prelungirea Ghencea -Avangarde| Decomandata,49 990 €,"Bucuresti, Sectorul 6",32 m²,https://www.storia.ro/ro/oferta/de-vanzare-garsoniera-32mp-prelungirea-ghencea-avangarde-decomandata-IDFhy0.html
Vanzare Apartament 4 Camere Unirii - Piata Unirii - Fantani,350 000 €,"Bucuresti, Sectorul 3",92 m²,https://www.storia.ro/ro/oferta/vanzare-apartament-4-camere-unirii-piata-unirii-fantani-IDDL9K.html
Vanzare Apartament | 2 Camere | H Pipera Lake,136 500 €,Voluntari,44 m²,https://www.storia.ro/ro/oferta/vanzare-apartament-2-camere-h-pipera-lake-IDFhvU.html
Apartament 3 camere cu loc de parcare -Darwin Residence Tunari/Otopeni,156 900 €,Tunari,75 m²,https://www.storia.ro/ro/oferta/apartament-3-camere-cu-loc-de-parcare-darwin-residence-tunari-otopeni-IDBgni.html
Piata Resita Aleea Slatioara 38mp Et.3 Liber Renovat Contorizat Intab,59 500 €,"Bucuresti, Sectorul 4",38 m²,https://www.storia.ro/ro/oferta/piata-resita-aleea-slatioara-38mp-et-3-liber-renovat-contorizat-intab-IDErpM.html
"Splaiul Unirii, Piscina , Finisaje premium",77 025 €,"Bucuresti, Sectorul 4",40 m²,https://www.storia.ro/ro/oferta/splaiul-unirii-piscina-finisaje-premium-IDECJX.html
"Apartament 2 camere, ansamblu 6 blocuri, str Ilie Petre",59 200 €,"Bucuresti, Sectorul 6",41 m²,https://www.storia.ro/ro/oferta/apartament-2-camere-ansamblu-6-blocuri-str-ilie-petre-IDFlHy.html
Garsoniera complet mobilata si utilata Militari Residence Tineretului,54 900 €,"Bucuresti, Sectorul 6",35 m²,https://www.storia.ro/ro/oferta/garsoniera-complet-mobilata-si-utilata-militari-residence-tineretului-IDFsgM.html
"Garsoniera, Mutare Imediata, Bucatarie inchisa",75 420 €,"Bucuresti, Sectorul 4",42 m²,https://www.storia.ro/ro/oferta/garsoniera-mutare-imediata-bucatarie-inchisa-IDEu2M.html
"Proprietar - Apartament 2 camere – locație exclusivă, Unirii 55",200 000 €,"Bucuresti, Sectorul 3",60 m²,https://www.olx.ro/d/oferta/proprietar-apartament-2-camere-locatie-exclusiva-unirii-55-IDjWwjQ.html
Central Address Residence - 3 camere,187 000 €,"Bucuresti, Sectorul 5",110 m²,https://www.storia.ro/ro/oferta/central-address-residence-3-camere-IDmesK.html
Central Address Residence - 3 camere,127 360 €,"Bucuresti, Sectorul 5",80 m²,https://www.storia.ro/ro/oferta/central-address-residence-3-camere-IDlJqG.html
Apartament 2 Camere Finisaje Premium!,73 500 €,"Bucuresti, Sectorul 4",51 m²,https://www.storia.ro/ro/oferta/apartament-2-camere-finisaje-premium-IDFmFn.html
De vanzare apartament 2 camere renovat modern Gorjului/Apusului A501,79 900 €,"Bucuresti, Sectorul 6",52 m²,https://www.storia.ro/ro/oferta/de-vanzare-apartament-2-camere-renovat-modern-gorjului-apusului-a501-IDFfr8.html
Vanzare Apartament 2 camere rate fixe la dezvoltator 30 ani,76 000 €,Bragadiru,68 m²,https://www.storia.ro/ro/oferta/vanzare-apartament-2-camere-rate-fixe-la-dezvoltator-30-ani-IDDBTq.html
Apartamente 2 camere,"180 000 €
Prețul e negociabil","Bucuresti, Sectorul 1",41 m²,https://www.olx.ro/d/oferta/apartamente-2-camere-IDjSFt5.html
"Apartament 2 camere Colentina – Teiul Doamnei, bloc reabilitat",82 990 €,"Bucuresti, Sectorul 2",44 m²,https://www.storia.ro/ro/oferta/apartament-2-camere-colentina-teiul-doamnei-bloc-reabilitat-IDDnum.html
Central Address Residence - 3 CAMERE,124 875 €,"Bucuresti, Sectorul 5",93 m²,https://www.storia.ro/ro/oferta/central-address-residence-3-camere-IDmen2.html
"Apartament 2 camere, la cheie, Ghencea-Cubic 4, et. 3/4",88 000 €,"Bucuresti, Sectorul 6",50 m²,https://www.storia.ro/ro/oferta/apartament-2-camere-la-cheie-ghencea-cubic-4-et-3-4-IDE7mE.html
"Apartament de vanzare Hils Republica, Basarabia, Metrou Republica",90 000 €,"Bucuresti, Sectorul 3",57 m²,https://www.storia.ro/ro/oferta/apartament-de-vanzare-hils-republica-basarabia-metrou-republica-IDF2qo.html
Apartament 2 camere - Ideal pentru familie - Bragadiru vsv Mc Donald's,77 500 €,Bragadiru,56 m²,https://www.storia.ro/ro/oferta/apartament-2-camere-ideal-pentru-familie-bragadiru-vsv-mc-donalds-IDE7g1.html
Apartament 3 camere zona Rahova Sălaj,68 000 €,"Bucuresti, Sectorul 5",46 m²,https://www.storia.ro/ro/oferta/apartament-3-camere-zona-rahova-slaj-IDEu8e.html
Central Address Residence - -zona 13 Septembrie -Marriott-Viilor,185 300 €,"Bucuresti, Sectorul 5",109 m²,https://www.storia.ro/ro/oferta/central-address-residence-zona-13-septembrie-marriott-viilor-IDmhdV.html
Apartament Tip Studio Start Vanzari Weiner Residence Imobil 7,46 700 €,"Bucuresti, Sectorul 6",41 m²,https://www.storia.ro/ro/oferta/apartament-tip-studio-start-vanzari-weiner-residence-imobil-7-IDAS9l.html
Central Address Residence - zona 13 Septembrie-Marriott-Viilor-Carol,224 400 €,"Bucuresti, Sectorul 5",132 m²,https://www.storia.ro/ro/oferta/central-address-residence-zona-13-septembrie-marriott-viilor-carol-IDmf8R.html
Garsoniera mobilata-Str.Orhideelor-Militari Residence,49 000 €,"Bucuresti, Sectorul 6",30 m²,https://www.storia.ro/ro/oferta/garsoniera-mobilata-str-orhideelor-militari-residence-IDFcYv.html
Central Address Residence- 4 CAMERE,211 200 €,"Bucuresti, Sectorul 5",132 m²,https://www.storia.ro/ro/oferta/central-address-residence-4-camere-IDmenr.html
Central Address Residence -zona 13 Septembrie -Marriott-Viilor,212 500 €,"Bucuresti, Sectorul 5",125 m²,https://www.storia.ro/ro/oferta/central-address-residence-zona-13-septembrie-marriott-viilor-IDmhg5.html
Apartament 2 camere Grand Arena 62mp,78 483 €,"Bucuresti, Sectorul 4",63 m²,https://www.storia.ro/ro/oferta/apartament-2-camere-grand-arena-62mp-IDF8Mq.html
Metrou Aparatori 12 min - GATA 2 camere 40 mpu mutare rapida TVA0,79 900 €,"Bucuresti, Sectorul 4",40 m²,https://www.storia.ro/ro/oferta/metrou-aparatori-12-min-gata-2-camere-40-mpu-mutare-rapida-tva0-IDF8pv.html
Studio modern West Avenue Residence cu parc privat și siguranță 24/7,61 600 €,Chiajna,44 m²,https://www.storia.ro/ro/oferta/studio-modern-west-avenue-residence-cu-parc-privat-i-siguran-24-7-IDFfHp.html
Central Address Residence - 3 camere duplex,156 600 €,"Bucuresti, Sectorul 5",108 m²,https://www.storia.ro/ro/oferta/central-address-residence-3-camere-duplex-IDmf2E.html
Central Address Residence - 4 camere,222 700 €,"Bucuresti, Sectorul 5",131 m²,https://www.storia.ro/ro/oferta/central-address-residence-4-camere-IDmgea.html
Garsoniera Demisol Militari Residence OFERTA,33 000 €,Dudu,25 m²,https://www.storia.ro/ro/oferta/garsoniera-demisol-militari-residence-oferta-IDFdGG.html
"Apartament 2 camere,cu rate la dezvoltator pe 30 de ani,Bragadiru",76 000 €,Bragadiru,69 m²,https://www.storia.ro/ro/oferta/apartament-2-camere-cu-rate-la-dezvoltator-pe-30-de-ani-bragadiru-IDDCSZ.html
